match_id,home_team,away_team,lambda_home,lambda_away,score,home_goals,away_goals,probability,total_goals,result_type,created_at
WC2026-L22,England,Croatia,2.6265,0.8219,2-0,2,0,0.109728,2,胜,2026-06-19T09:55:13.731778+00:00
WC2026-L22,England,Croatia,2.6265,0.8219,3-0,3,0,0.096066,3,胜,2026-06-19T09:55:13.731778+00:00
WC2026-L22,England,Croatia,2.6265,0.8219,2-1,2,1,0.090185,3,胜,2026-06-19T09:55:13.731778+00:00
WC2026-L22,England,Croatia,2.6265,0.8219,1-0,1,0,0.080465,1,胜,2026-06-19T09:55:13.731778+00:00
WC2026-L22,England,Croatia,2.6265,0.8219,3-1,3,1,0.078957,4,胜,2026-06-19T09:55:13.731778+00:00
WC2026-L22,England,Croatia,2.6265,0.8219,1-1,1,1,0.071764,2,平,2026-06-19T09:55:13.731778+00:00
WC2026-L22,England,Croatia,2.6265,0.8219,4-0,4,0,0.063079,4,胜,2026-06-19T09:55:13.731778+00:00
WC2026-L22,England,Croatia,2.6265,0.8219,4-1,4,1,0.051844,5,胜,2026-06-19T09:55:13.731778+00:00
WC2026-L22,England,Croatia,2.6265,0.8219,2-2,2,2,0.037062,4,平,2026-06-19T09:55:13.731778+00:00
WC2026-L22,England,Croatia,2.6265,0.8219,0-0,0,0,0.034903,0,平,2026-06-19T09:55:13.731778+00:00
WC2026-L22,England,Croatia,2.6265,0.8219,5-0,5,0,0.033135,5,胜,2026-06-19T09:55:13.731778+00:00
WC2026-L22,England,Croatia,2.6265,0.8219,3-2,3,2,0.032447,5,胜,2026-06-19T09:55:13.731778+00:00
WC2026-L22,England,Croatia,2.6265,0.8219,1-2,1,2,0.028222,3,负,2026-06-19T09:55:13.731778+00:00
WC2026-L22,England,Croatia,2.6265,0.8219,5-1,5,1,0.027234,6,胜,2026-06-19T09:55:13.731778+00:00
WC2026-L22,England,Croatia,2.6265,0.8219,0-1,0,1,0.023056,1,负,2026-06-19T09:55:13.731778+00:00
WC2026-L22,England,Croatia,2.6265,0.8219,4-2,4,2,0.021305,6,胜,2026-06-19T09:55:13.731778+00:00
WC2026-L22,England,Croatia,2.6265,0.8219,6-0,6,0,0.014505,6,胜,2026-06-19T09:55:13.731778+00:00
WC2026-L22,England,Croatia,2.6265,0.8219,6-1,6,1,0.011921,7,胜,2026-06-19T09:55:13.731778+00:00
WC2026-L22,England,Croatia,2.6265,0.8219,5-2,5,2,0.011192,7,胜,2026-06-19T09:55:13.731778+00:00
WC2026-L22,England,Croatia,2.6265,0.8219,0-2,0,2,0.010745,2,负,2026-06-19T09:55:13.731778+00:00
WC2026-L22,England,Croatia,2.6265,0.8219,2-3,2,3,0.010154,5,负,2026-06-19T09:55:13.731778+00:00
WC2026-L22,England,Croatia,2.6265,0.8219,3-3,3,3,0.008889,6,平,2026-06-19T09:55:13.731778+00:00
WC2026-L22,England,Croatia,2.6265,0.8219,1-3,1,3,0.007732,4,负,2026-06-19T09:55:13.731778+00:00
WC2026-L22,England,Croatia,2.6265,0.8219,4-3,4,3,0.005837,7,胜,2026-06-19T09:55:13.731778+00:00
WC2026-L22,England,Croatia,2.6265,0.8219,7-0,7,0,0.005442,7,胜,2026-06-19T09:55:13.731778+00:00
WC2026-L22,England,Croatia,2.6265,0.8219,6-2,6,2,0.004899,8,胜,2026-06-19T09:55:13.731778+00:00
WC2026-L22,England,Croatia,2.6265,0.8219,7-1,7,1,0.004473,8,胜,2026-06-19T09:55:13.731778+00:00
WC2026-L22,England,Croatia,2.6265,0.8219,5-3,5,3,0.003066,8,胜,2026-06-19T09:55:13.731778+00:00
WC2026-L22,England,Croatia,2.6265,0.8219,0-3,0,3,0.002944,3,负,2026-06-19T09:55:13.731778+00:00
WC2026-L22,England,Croatia,2.6265,0.8219,2-4,2,4,0.002086,6,负,2026-06-19T09:55:13.731778+00:00
WC2026-L22,England,Croatia,2.6265,0.8219,7-2,7,2,0.001838,9,胜,2026-06-19T09:55:13.731778+00:00
WC2026-L22,England,Croatia,2.6265,0.8219,3-4,3,4,0.001827,7,负,2026-06-19T09:55:13.731778+00:00
WC2026-L22,England,Croatia,2.6265,0.8219,8-0,8,0,0.001773,8,胜,2026-06-19T09:55:13.731778+00:00
WC2026-L22,England,Croatia,2.6265,0.8219,1-4,1,4,0.001589,5,负,2026-06-19T09:55:13.731778+00:00
WC2026-L22,England,Croatia,2.6265,0.8219,8-1,8,1,0.001457,9,胜,2026-06-19T09:55:13.731778+00:00
WC2026-L22,England,Croatia,2.6265,0.8219,6-3,6,3,0.001342,9,胜,2026-06-19T09:55:13.731778+00:00
WC2026-L22,England,Croatia,2.6265,0.8219,4-4,4,4,0.001199,8,平,2026-06-19T09:55:13.731778+00:00
WC2026-L22,England,Croatia,2.6265,0.8219,5-4,5,4,0.000630,9,胜,2026-06-19T09:55:13.731778+00:00
WC2026-L22,England,Croatia,2.6265,0.8219,0-4,0,4,0.000605,4,负,2026-06-19T09:55:13.731778+00:00
WC2026-L22,England,Croatia,2.6265,0.8219,8-2,8,2,0.000599,10,胜,2026-06-19T09:55:13.731778+00:00
WC2026-L22,England,Croatia,2.6265,0.8219,7-3,7,3,0.000504,10,胜,2026-06-19T09:55:13.731778+00:00
WC2026-L22,England,Croatia,2.6265,0.8219,9-0,9,0,0.000501,9,胜,2026-06-19T09:55:13.731778+00:00
WC2026-L22,England,Croatia,2.6265,0.8219,9-1,9,1,0.000412,10,胜,2026-06-19T09:55:13.731778+00:00
WC2026-L22,England,Croatia,2.6265,0.8219,2-5,2,5,0.000343,7,负,2026-06-19T09:55:13.731778+00:00
WC2026-L22,England,Croatia,2.6265,0.8219,3-5,3,5,0.000300,8,负,2026-06-19T09:55:13.731778+00:00
WC2026-L22,England,Croatia,2.6265,0.8219,6-4,6,4,0.000276,10,胜,2026-06-19T09:55:13.731778+00:00
WC2026-L22,England,Croatia,2.6265,0.8219,1-5,1,5,0.000261,6,负,2026-06-19T09:55:13.731778+00:00
WC2026-L22,England,Croatia,2.6265,0.8219,4-5,4,5,0.000197,9,负,2026-06-19T09:55:13.731778+00:00
WC2026-L22,England,Croatia,2.6265,0.8219,9-2,9,2,0.000169,11,胜,2026-06-19T09:55:13.731778+00:00
WC2026-L22,England,Croatia,2.6265,0.8219,8-3,8,3,0.000164,11,胜,2026-06-19T09:55:13.731778+00:00
WC2026-L22,England,Croatia,2.6265,0.8219,5-5,5,5,0.000104,10,平,2026-06-19T09:55:13.731778+00:00
WC2026-L22,England,Croatia,2.6265,0.8219,7-4,7,4,0.000103,11,胜,2026-06-19T09:55:13.731778+00:00
WC2026-L22,England,Croatia,2.6265,0.8219,0-5,0,5,0.000099,5,负,2026-06-19T09:55:13.731778+00:00
WC2026-L22,England,Croatia,2.6265,0.8219,2-6,2,6,0.000047,8,负,2026-06-19T09:55:13.731778+00:00
WC2026-L22,England,Croatia,2.6265,0.8219,9-3,9,3,0.000046,12,胜,2026-06-19T09:55:13.731778+00:00
WC2026-L22,England,Croatia,2.6265,0.8219,6-5,6,5,0.000045,11,胜,2026-06-19T09:55:13.731778+00:00
WC2026-L22,England,Croatia,2.6265,0.8219,3-6,3,6,0.000041,9,负,2026-06-19T09:55:13.731778+00:00
WC2026-L22,England,Croatia,2.6265,0.8219,1-6,1,6,0.000036,7,负,2026-06-19T09:55:13.731778+00:00
WC2026-L22,England,Croatia,2.6265,0.8219,8-4,8,4,0.000034,12,胜,2026-06-19T09:55:13.731778+00:00
WC2026-L22,England,Croatia,2.6265,0.8219,4-6,4,6,0.000027,10,负,2026-06-19T09:55:13.731778+00:00
WC2026-L22,England,Croatia,2.6265,0.8219,7-5,7,5,0.000017,12,胜,2026-06-19T09:55:13.731778+00:00
WC2026-L22,England,Croatia,2.6265,0.8219,5-6,5,6,0.000014,11,负,2026-06-19T09:55:13.731778+00:00
WC2026-L22,England,Croatia,2.6265,0.8219,0-6,0,6,0.000014,6,负,2026-06-19T09:55:13.731778+00:00
WC2026-L22,England,Croatia,2.6265,0.8219,9-4,9,4,0.000010,13,胜,2026-06-19T09:55:13.731778+00:00
WC2026-L22,England,Croatia,2.6265,0.8219,6-6,6,6,0.000006,12,平,2026-06-19T09:55:13.731778+00:00
WC2026-L22,England,Croatia,2.6265,0.8219,8-5,8,5,0.000006,13,胜,2026-06-19T09:55:13.731778+00:00
WC2026-L22,England,Croatia,2.6265,0.8219,2-7,2,7,0.000006,9,负,2026-06-19T09:55:13.731778+00:00
WC2026-L22,England,Croatia,2.6265,0.8219,3-7,3,7,0.000005,10,负,2026-06-19T09:55:13.731778+00:00
WC2026-L22,England,Croatia,2.6265,0.8219,1-7,1,7,0.000004,8,负,2026-06-19T09:55:13.731778+00:00
WC2026-L22,England,Croatia,2.6265,0.8219,4-7,4,7,0.000003,11,负,2026-06-19T09:55:13.731778+00:00
WC2026-L22,England,Croatia,2.6265,0.8219,7-6,7,6,0.000002,13,胜,2026-06-19T09:55:13.731778+00:00
WC2026-L22,England,Croatia,2.6265,0.8219,5-7,5,7,0.000002,12,负,2026-06-19T09:55:13.731778+00:00
WC2026-L22,England,Croatia,2.6265,0.8219,0-7,0,7,0.000002,7,负,2026-06-19T09:55:13.731778+00:00
WC2026-L22,England,Croatia,2.6265,0.8219,9-5,9,5,0.000002,14,胜,2026-06-19T09:55:13.731778+00:00
WC2026-J43,Argentina,Austria,1.8167,1.0373,1-1,1,1,0.113459,2,平,2026-06-19T09:55:14.484251+00:00
WC2026-J43,Argentina,Austria,1.8167,1.0373,1-0,1,0,0.099779,1,胜,2026-06-19T09:55:14.484251+00:00
WC2026-J43,Argentina,Austria,1.8167,1.0373,2-1,2,1,0.098623,3,胜,2026-06-19T09:55:14.484251+00:00
WC2026-J43,Argentina,Austria,1.8167,1.0373,2-0,2,0,0.095072,2,胜,2026-06-19T09:55:14.484251+00:00
WC2026-J43,Argentina,Austria,1.8167,1.0373,0-0,0,0,0.062498,0,平,2026-06-19T09:55:14.484251+00:00
WC2026-J43,Argentina,Austria,1.8167,1.0373,3-1,3,1,0.059723,4,胜,2026-06-19T09:55:14.484251+00:00
WC2026-J43,Argentina,Austria,1.8167,1.0373,3-0,3,0,0.057573,3,胜,2026-06-19T09:55:14.484251+00:00
WC2026-J43,Argentina,Austria,1.8167,1.0373,1-2,1,2,0.056314,3,负,2026-06-19T09:55:14.484251+00:00
WC2026-J43,Argentina,Austria,1.8167,1.0373,0-1,0,1,0.054878,1,负,2026-06-19T09:55:14.484251+00:00
WC2026-J43,Argentina,Austria,1.8167,1.0373,2-2,2,2,0.051153,4,平,2026-06-19T09:55:14.484251+00:00
WC2026-J43,Argentina,Austria,1.8167,1.0373,0-2,0,2,0.030998,2,负,2026-06-19T09:55:14.484251+00:00
WC2026-J43,Argentina,Austria,1.8167,1.0373,3-2,3,2,0.030976,5,胜,2026-06-19T09:55:14.484251+00:00
WC2026-J43,Argentina,Austria,1.8167,1.0373,4-1,4,1,0.027125,5,胜,2026-06-19T09:55:14.484251+00:00
WC2026-J43,Argentina,Austria,1.8167,1.0373,4-0,4,0,0.026148,4,胜,2026-06-19T09:55:14.484251+00:00
WC2026-J43,Argentina,Austria,1.8167,1.0373,1-3,1,3,0.019472,4,负,2026-06-19T09:55:14.484251+00:00
WC2026-J43,Argentina,Austria,1.8167,1.0373,2-3,2,3,0.017688,5,负,2026-06-19T09:55:14.484251+00:00
WC2026-J43,Argentina,Austria,1.8167,1.0373,4-2,4,2,0.014069,6,胜,2026-06-19T09:55:14.484251+00:00
WC2026-J43,Argentina,Austria,1.8167,1.0373,0-3,0,3,0.010718,3,负,2026-06-19T09:55:14.484251+00:00
WC2026-J43,Argentina,Austria,1.8167,1.0373,3-3,3,3,0.010711,6,平,2026-06-19T09:55:14.484251+00:00
WC2026-J43,Argentina,Austria,1.8167,1.0373,5-1,5,1,0.009855,6,胜,2026-06-19T09:55:14.484251+00:00
WC2026-J43,Argentina,Austria,1.8167,1.0373,5-0,5,0,0.009501,5,胜,2026-06-19T09:55:14.484251+00:00
WC2026-J43,Argentina,Austria,1.8167,1.0373,5-2,5,2,0.005112,7,胜,2026-06-19T09:55:14.484251+00:00
WC2026-J43,Argentina,Austria,1.8167,1.0373,1-4,1,4,0.005050,5,负,2026-06-19T09:55:14.484251+00:00
WC2026-J43,Argentina,Austria,1.8167,1.0373,4-3,4,3,0.004865,7,胜,2026-06-19T09:55:14.484251+00:00
WC2026-J43,Argentina,Austria,1.8167,1.0373,2-4,2,4,0.004587,6,负,2026-06-19T09:55:14.484251+00:00
WC2026-J43,Argentina,Austria,1.8167,1.0373,6-1,6,1,0.002984,7,胜,2026-06-19T09:55:14.484251+00:00
WC2026-J43,Argentina,Austria,1.8167,1.0373,6-0,6,0,0.002877,6,胜,2026-06-19T09:55:14.484251+00:00
WC2026-J43,Argentina,Austria,1.8167,1.0373,0-4,0,4,0.002780,4,负,2026-06-19T09:55:14.484251+00:00
WC2026-J43,Argentina,Austria,1.8167,1.0373,3-4,3,4,0.002778,7,负,2026-06-19T09:55:14.484251+00:00
WC2026-J43,Argentina,Austria,1.8167,1.0373,5-3,5,3,0.001768,8,胜,2026-06-19T09:55:14.484251+00:00
WC2026-J43,Argentina,Austria,1.8167,1.0373,6-2,6,2,0.001548,8,胜,2026-06-19T09:55:14.484251+00:00
WC2026-J43,Argentina,Austria,1.8167,1.0373,4-4,4,4,0.001262,8,平,2026-06-19T09:55:14.484251+00:00
WC2026-J43,Argentina,Austria,1.8167,1.0373,1-5,1,5,0.001048,6,负,2026-06-19T09:55:14.484251+00:00
WC2026-J43,Argentina,Austria,1.8167,1.0373,2-5,2,5,0.000952,7,负,2026-06-19T09:55:14.484251+00:00
WC2026-J43,Argentina,Austria,1.8167,1.0373,7-1,7,1,0.000774,8,胜,2026-06-19T09:55:14.484251+00:00
WC2026-J43,Argentina,Austria,1.8167,1.0373,7-0,7,0,0.000747,7,胜,2026-06-19T09:55:14.484251+00:00
WC2026-J43,Argentina,Austria,1.8167,1.0373,0-5,0,5,0.000577,5,负,2026-06-19T09:55:14.484251+00:00
WC2026-J43,Argentina,Austria,1.8167,1.0373,3-5,3,5,0.000576,8,负,2026-06-19T09:55:14.484251+00:00
WC2026-J43,Argentina,Austria,1.8167,1.0373,6-3,6,3,0.000535,9,胜,2026-06-19T09:55:14.484251+00:00
WC2026-J43,Argentina,Austria,1.8167,1.0373,5-4,5,4,0.000458,9,胜,2026-06-19T09:55:14.484251+00:00
WC2026-J43,Argentina,Austria,1.8167,1.0373,7-2,7,2,0.000402,9,胜,2026-06-19T09:55:14.484251+00:00
WC2026-J43,Argentina,Austria,1.8167,1.0373,4-5,4,5,0.000262,9,负,2026-06-19T09:55:14.484251+00:00
WC2026-J43,Argentina,Austria,1.8167,1.0373,1-6,1,6,0.000181,7,负,2026-06-19T09:55:14.484251+00:00
WC2026-J43,Argentina,Austria,1.8167,1.0373,8-1,8,1,0.000174,9,胜,2026-06-19T09:55:14.484251+00:00
WC2026-J43,Argentina,Austria,1.8167,1.0373,8-0,8,0,0.000168,8,胜,2026-06-19T09:55:14.484251+00:00
WC2026-J43,Argentina,Austria,1.8167,1.0373,2-6,2,6,0.000165,8,负,2026-06-19T09:55:14.484251+00:00
WC2026-J43,Argentina,Austria,1.8167,1.0373,7-3,7,3,0.000139,10,胜,2026-06-19T09:55:14.484251+00:00
WC2026-J43,Argentina,Austria,1.8167,1.0373,6-4,6,4,0.000139,10,胜,2026-06-19T09:55:14.484251+00:00
WC2026-J43,Argentina,Austria,1.8167,1.0373,0-6,0,6,0.000100,6,负,2026-06-19T09:55:14.484251+00:00
WC2026-J43,Argentina,Austria,1.8167,1.0373,3-6,3,6,0.000100,9,负,2026-06-19T09:55:14.484251+00:00
WC2026-J43,Argentina,Austria,1.8167,1.0373,5-5,5,5,0.000095,10,平,2026-06-19T09:55:14.484251+00:00
WC2026-J43,Argentina,Austria,1.8167,1.0373,8-2,8,2,0.000091,10,胜,2026-06-19T09:55:14.484251+00:00
WC2026-J43,Argentina,Austria,1.8167,1.0373,4-6,4,6,0.000045,10,负,2026-06-19T09:55:14.484251+00:00
WC2026-J43,Argentina,Austria,1.8167,1.0373,7-4,7,4,0.000036,11,胜,2026-06-19T09:55:14.484251+00:00
WC2026-J43,Argentina,Austria,1.8167,1.0373,9-1,9,1,0.000034,10,胜,2026-06-19T09:55:14.484251+00:00
WC2026-J43,Argentina,Austria,1.8167,1.0373,9-0,9,0,0.000033,9,胜,2026-06-19T09:55:14.484251+00:00
WC2026-J43,Argentina,Austria,1.8167,1.0373,8-3,8,3,0.000031,11,胜,2026-06-19T09:55:14.484251+00:00
WC2026-J43,Argentina,Austria,1.8167,1.0373,6-5,6,5,0.000029,11,胜,2026-06-19T09:55:14.484251+00:00
WC2026-J43,Argentina,Austria,1.8167,1.0373,1-7,1,7,0.000027,8,负,2026-06-19T09:55:14.484251+00:00
WC2026-J43,Argentina,Austria,1.8167,1.0373,2-7,2,7,0.000024,9,负,2026-06-19T09:55:14.484251+00:00
WC2026-J43,Argentina,Austria,1.8167,1.0373,9-2,9,2,0.000018,11,胜,2026-06-19T09:55:14.484251+00:00
WC2026-J43,Argentina,Austria,1.8167,1.0373,5-6,5,6,0.000016,11,负,2026-06-19T09:55:14.484251+00:00
WC2026-J43,Argentina,Austria,1.8167,1.0373,0-7,0,7,0.000015,7,负,2026-06-19T09:55:14.484251+00:00
WC2026-J43,Argentina,Austria,1.8167,1.0373,3-7,3,7,0.000015,10,负,2026-06-19T09:55:14.484251+00:00
WC2026-J43,Argentina,Austria,1.8167,1.0373,8-4,8,4,0.000008,12,胜,2026-06-19T09:55:14.484251+00:00
WC2026-J43,Argentina,Austria,1.8167,1.0373,7-5,7,5,0.000007,12,胜,2026-06-19T09:55:14.484251+00:00
WC2026-J43,Argentina,Austria,1.8167,1.0373,4-7,4,7,0.000007,11,负,2026-06-19T09:55:14.484251+00:00
WC2026-J43,Argentina,Austria,1.8167,1.0373,9-3,9,3,0.000006,12,胜,2026-06-19T09:55:14.484251+00:00
WC2026-J43,Argentina,Austria,1.8167,1.0373,6-6,6,6,0.000005,12,平,2026-06-19T09:55:14.484251+00:00
WC2026-J43,Argentina,Austria,1.8167,1.0373,1-8,1,8,0.000003,9,负,2026-06-19T09:55:14.484251+00:00
WC2026-J43,Argentina,Austria,1.8167,1.0373,2-8,2,8,0.000003,10,负,2026-06-19T09:55:14.484251+00:00
WC2026-J43,Argentina,Austria,1.8167,1.0373,5-7,5,7,0.000002,12,负,2026-06-19T09:55:14.484251+00:00
WC2026-J43,Argentina,Austria,1.8167,1.0373,0-8,0,8,0.000002,8,负,2026-06-19T09:55:14.484251+00:00
WC2026-J43,Argentina,Austria,1.8167,1.0373,3-8,3,8,0.000002,11,负,2026-06-19T09:55:14.484251+00:00
WC2026-J43,Argentina,Austria,1.8167,1.0373,8-5,8,5,0.000002,13,胜,2026-06-19T09:55:14.484251+00:00
WC2026-J43,Argentina,Austria,1.8167,1.0373,9-4,9,4,0.000002,13,胜,2026-06-19T09:55:14.484251+00:00
WC2026-J43,Argentina,Austria,1.8167,1.0373,7-6,7,6,0.000001,13,胜,2026-06-19T09:55:14.484251+00:00
WC2026-FUSION-TEST,USA,Australia,1.5560,1.2000,1-1,1,1,0.123993,2,平,2026-06-19T19:17:13.978766+00:00
WC2026-FUSION-TEST,USA,Australia,1.5560,1.2000,1-0,1,0,0.093538,1,胜,2026-06-19T19:17:13.978766+00:00
WC2026-FUSION-TEST,USA,Australia,1.5560,1.2000,2-1,2,1,0.092312,3,胜,2026-06-19T19:17:13.978766+00:00
WC2026-FUSION-TEST,USA,Australia,1.5560,1.2000,2-0,2,0,0.076927,2,胜,2026-06-19T19:17:13.978766+00:00
WC2026-FUSION-TEST,USA,Australia,1.5560,1.2000,1-2,1,2,0.071192,3,负,2026-06-19T19:17:13.978766+00:00
WC2026-FUSION-TEST,USA,Australia,1.5560,1.2000,0-1,0,1,0.070916,1,负,2026-06-19T19:17:13.978766+00:00
WC2026-FUSION-TEST,USA,Australia,1.5560,1.2000,0-0,0,0,0.068885,0,平,2026-06-19T19:17:13.978766+00:00
WC2026-FUSION-TEST,USA,Australia,1.5560,1.2000,2-2,2,2,0.055387,4,平,2026-06-19T19:17:13.978766+00:00
WC2026-FUSION-TEST,USA,Australia,1.5560,1.2000,3-1,3,1,0.047879,4,胜,2026-06-19T19:17:13.978766+00:00
WC2026-FUSION-TEST,USA,Australia,1.5560,1.2000,0-2,0,2,0.045753,2,负,2026-06-19T19:17:13.978766+00:00
WC2026-FUSION-TEST,USA,Australia,1.5560,1.2000,3-0,3,0,0.039899,3,胜,2026-06-19T19:17:13.978766+00:00
WC2026-FUSION-TEST,USA,Australia,1.5560,1.2000,3-2,3,2,0.028728,5,胜,2026-06-19T19:17:13.978766+00:00
WC2026-FUSION-TEST,USA,Australia,1.5560,1.2000,1-3,1,3,0.028477,4,负,2026-06-19T19:17:13.978766+00:00
WC2026-FUSION-TEST,USA,Australia,1.5560,1.2000,2-3,2,3,0.022155,5,负,2026-06-19T19:17:13.978766+00:00
WC2026-FUSION-TEST,USA,Australia,1.5560,1.2000,4-1,4,1,0.018625,5,胜,2026-06-19T19:17:13.978766+00:00
WC2026-FUSION-TEST,USA,Australia,1.5560,1.2000,0-3,0,3,0.018301,3,负,2026-06-19T19:17:13.978766+00:00
WC2026-FUSION-TEST,USA,Australia,1.5560,1.2000,4-0,4,0,0.015521,4,胜,2026-06-19T19:17:13.978766+00:00
WC2026-FUSION-TEST,USA,Australia,1.5560,1.2000,3-3,3,3,0.011491,6,平,2026-06-19T19:17:13.978766+00:00
WC2026-FUSION-TEST,USA,Australia,1.5560,1.2000,4-2,4,2,0.011175,6,胜,2026-06-19T19:17:13.978766+00:00
WC2026-FUSION-TEST,USA,Australia,1.5560,1.2000,1-4,1,4,0.008543,5,负,2026-06-19T19:17:13.978766+00:00
WC2026-FUSION-TEST,USA,Australia,1.5560,1.2000,2-4,2,4,0.006646,6,负,2026-06-19T19:17:13.978766+00:00
WC2026-FUSION-TEST,USA,Australia,1.5560,1.2000,5-1,5,1,0.005796,6,胜,2026-06-19T19:17:13.978766+00:00
WC2026-FUSION-TEST,USA,Australia,1.5560,1.2000,0-4,0,4,0.005490,4,负,2026-06-19T19:17:13.978766+00:00
WC2026-FUSION-TEST,USA,Australia,1.5560,1.2000,5-0,5,0,0.004830,5,胜,2026-06-19T19:17:13.978766+00:00
WC2026-FUSION-TEST,USA,Australia,1.5560,1.2000,4-3,4,3,0.004470,7,胜,2026-06-19T19:17:13.978766+00:00
WC2026-FUSION-TEST,USA,Australia,1.5560,1.2000,5-2,5,2,0.003478,7,胜,2026-06-19T19:17:13.978766+00:00
WC2026-FUSION-TEST,USA,Australia,1.5560,1.2000,3-4,3,4,0.003447,7,负,2026-06-19T19:17:13.978766+00:00
WC2026-FUSION-TEST,USA,Australia,1.5560,1.2000,1-5,1,5,0.002050,6,负,2026-06-19T19:17:13.978766+00:00
WC2026-FUSION-TEST,USA,Australia,1.5560,1.2000,2-5,2,5,0.001595,7,负,2026-06-19T19:17:13.978766+00:00
WC2026-FUSION-TEST,USA,Australia,1.5560,1.2000,6-1,6,1,0.001503,7,胜,2026-06-19T19:17:13.978766+00:00
WC2026-FUSION-TEST,USA,Australia,1.5560,1.2000,5-3,5,3,0.001391,8,胜,2026-06-19T19:17:13.978766+00:00
WC2026-FUSION-TEST,USA,Australia,1.5560,1.2000,4-4,4,4,0.001341,8,平,2026-06-19T19:17:13.978766+00:00
WC2026-FUSION-TEST,USA,Australia,1.5560,1.2000,0-5,0,5,0.001318,5,负,2026-06-19T19:17:13.978766+00:00
WC2026-FUSION-TEST,USA,Australia,1.5560,1.2000,6-0,6,0,0.001253,6,胜,2026-06-19T19:17:13.978766+00:00
WC2026-FUSION-TEST,USA,Australia,1.5560,1.2000,6-2,6,2,0.000902,8,胜,2026-06-19T19:17:13.978766+00:00
WC2026-FUSION-TEST,USA,Australia,1.5560,1.2000,3-5,3,5,0.000827,8,负,2026-06-19T19:17:13.978766+00:00
WC2026-FUSION-TEST,USA,Australia,1.5560,1.2000,5-4,5,4,0.000417,9,胜,2026-06-19T19:17:13.978766+00:00
WC2026-FUSION-TEST,USA,Australia,1.5560,1.2000,1-6,1,6,0.000410,7,负,2026-06-19T19:17:13.978766+00:00
WC2026-FUSION-TEST,USA,Australia,1.5560,1.2000,6-3,6,3,0.000361,9,胜,2026-06-19T19:17:13.978766+00:00
WC2026-FUSION-TEST,USA,Australia,1.5560,1.2000,7-1,7,1,0.000334,8,胜,2026-06-19T19:17:13.978766+00:00
WC2026-FUSION-TEST,USA,Australia,1.5560,1.2000,4-5,4,5,0.000322,9,负,2026-06-19T19:17:13.978766+00:00
WC2026-FUSION-TEST,USA,Australia,1.5560,1.2000,2-6,2,6,0.000319,8,负,2026-06-19T19:17:13.978766+00:00
WC2026-FUSION-TEST,USA,Australia,1.5560,1.2000,7-0,7,0,0.000278,7,胜,2026-06-19T19:17:13.978766+00:00
WC2026-FUSION-TEST,USA,Australia,1.5560,1.2000,0-6,0,6,0.000264,6,负,2026-06-19T19:17:13.978766+00:00
WC2026-FUSION-TEST,USA,Australia,1.5560,1.2000,7-2,7,2,0.000200,9,胜,2026-06-19T19:17:13.978766+00:00
WC2026-FUSION-TEST,USA,Australia,1.5560,1.2000,3-6,3,6,0.000165,9,负,2026-06-19T19:17:13.978766+00:00
WC2026-FUSION-TEST,USA,Australia,1.5560,1.2000,6-4,6,4,0.000108,10,胜,2026-06-19T19:17:13.978766+00:00
WC2026-FUSION-TEST,USA,Australia,1.5560,1.2000,5-5,5,5,0.000100,10,平,2026-06-19T19:17:13.978766+00:00
WC2026-FUSION-TEST,USA,Australia,1.5560,1.2000,7-3,7,3,0.000080,10,胜,2026-06-19T19:17:13.978766+00:00
WC2026-FUSION-TEST,USA,Australia,1.5560,1.2000,1-7,1,7,0.000070,8,负,2026-06-19T19:17:13.978766+00:00
WC2026-FUSION-TEST,USA,Australia,1.5560,1.2000,4-6,4,6,0.000064,10,负,2026-06-19T19:17:13.978766+00:00
WC2026-FUSION-TEST,USA,Australia,1.5560,1.2000,8-1,8,1,0.000064,9,胜,2026-06-19T19:17:13.978766+00:00
WC2026-FUSION-TEST,USA,Australia,1.5560,1.2000,2-7,2,7,0.000055,9,负,2026-06-19T19:17:13.978766+00:00
WC2026-FUSION-TEST,USA,Australia,1.5560,1.2000,8-0,8,0,0.000054,8,胜,2026-06-19T19:17:13.978766+00:00
WC2026-FUSION-TEST,USA,Australia,1.5560,1.2000,0-7,0,7,0.000045,7,负,2026-06-19T19:17:13.978766+00:00
WC2026-FUSION-TEST,USA,Australia,1.5560,1.2000,8-2,8,2,0.000039,10,胜,2026-06-19T19:17:13.978766+00:00
WC2026-FUSION-TEST,USA,Australia,1.5560,1.2000,3-7,3,7,0.000028,10,负,2026-06-19T19:17:13.978766+00:00
WC2026-FUSION-TEST,USA,Australia,1.5560,1.2000,6-5,6,5,0.000026,11,胜,2026-06-19T19:17:13.978766+00:00
WC2026-FUSION-TEST,USA,Australia,1.5560,1.2000,7-4,7,4,0.000024,11,胜,2026-06-19T19:17:13.978766+00:00
WC2026-FUSION-TEST,USA,Australia,1.5560,1.2000,5-6,5,6,0.000020,11,负,2026-06-19T19:17:13.978766+00:00
WC2026-FUSION-TEST,USA,Australia,1.5560,1.2000,8-3,8,3,0.000015,11,胜,2026-06-19T19:17:13.978766+00:00
WC2026-FUSION-TEST,USA,Australia,1.5560,1.2000,4-7,4,7,0.000011,11,负,2026-06-19T19:17:13.978766+00:00
WC2026-FUSION-TEST,USA,Australia,1.5560,1.2000,9-1,9,1,0.000011,10,胜,2026-06-19T19:17:13.978766+00:00
WC2026-FUSION-TEST,USA,Australia,1.5560,1.2000,1-8,1,8,0.000010,9,负,2026-06-19T19:17:13.978766+00:00
WC2026-FUSION-TEST,USA,Australia,1.5560,1.2000,9-0,9,0,0.000009,9,胜,2026-06-19T19:17:13.978766+00:00
WC2026-FUSION-TEST,USA,Australia,1.5560,1.2000,2-8,2,8,0.000008,10,负,2026-06-19T19:17:13.978766+00:00
WC2026-FUSION-TEST,USA,Australia,1.5560,1.2000,0-8,0,8,0.000007,8,负,2026-06-19T19:17:13.978766+00:00
WC2026-FUSION-TEST,USA,Australia,1.5560,1.2000,7-5,7,5,0.000006,12,胜,2026-06-19T19:17:13.978766+00:00
WC2026-FUSION-TEST,USA,Australia,1.5560,1.2000,9-2,9,2,0.000006,11,胜,2026-06-19T19:17:13.978766+00:00
WC2026-FUSION-TEST,USA,Australia,1.5560,1.2000,6-6,6,6,0.000005,12,平,2026-06-19T19:17:13.978766+00:00
WC2026-FUSION-TEST,USA,Australia,1.5560,1.2000,8-4,8,4,0.000005,12,胜,2026-06-19T19:17:13.978766+00:00
WC2026-FUSION-TEST,USA,Australia,1.5560,1.2000,3-8,3,8,0.000004,11,负,2026-06-19T19:17:13.978766+00:00
WC2026-FUSION-TEST,USA,Australia,1.5560,1.2000,5-7,5,7,0.000003,12,负,2026-06-19T19:17:13.978766+00:00
WC2026-FUSION-TEST,USA,Australia,1.5560,1.2000,9-3,9,3,0.000003,12,胜,2026-06-19T19:17:13.978766+00:00
WC2026-FUSION-TEST,USA,Australia,1.5560,1.2000,4-8,4,8,0.000002,12,负,2026-06-19T19:17:13.978766+00:00
WC2026-FUSION-TEST,USA,Australia,1.5560,1.2000,1-9,1,9,0.000001,10,负,2026-06-19T19:17:13.978766+00:00
WC2026-FUSION-TEST,USA,Australia,1.5560,1.2000,2-9,2,9,0.000001,11,负,2026-06-19T19:17:13.978766+00:00
WC2026-FUSION-TEST,USA,Australia,1.5560,1.2000,7-6,7,6,0.000001,13,胜,2026-06-19T19:17:13.978766+00:00
WC2026-FUSION-TEST,USA,Australia,1.5560,1.2000,8-5,8,5,0.000001,13,胜,2026-06-19T19:17:13.978766+00:00
WC2026-D32,USA,Australia,1.5424,1.2083,1-1,1,1,0.116460,2,平,2026-06-20T08:09:05.708315+00:00
WC2026-D32,USA,Australia,1.5424,1.2083,1-0,1,0,0.105764,1,胜,2026-06-20T08:09:05.708315+00:00
WC2026-D32,USA,Australia,1.5424,1.2083,2-1,2,1,0.080789,3,胜,2026-06-20T08:09:05.708315+00:00
WC2026-D32,USA,Australia,1.5424,1.2083,2-0,2,0,0.086254,2,胜,2026-06-20T08:09:05.708315+00:00
WC2026-D32,USA,Australia,1.5424,1.2083,1-2,1,2,0.067328,3,负,2026-06-20T08:09:05.708315+00:00
WC2026-D32,USA,Australia,1.5424,1.2083,0-1,0,1,0.076921,1,负,2026-06-20T08:09:05.708315+00:00
WC2026-D32,USA,Australia,1.5424,1.2083,0-0,0,0,0.074146,0,平,2026-06-20T08:09:05.708315+00:00
WC2026-D32,USA,Australia,1.5424,1.2083,2-2,2,2,0.051925,4,平,2026-06-20T08:09:05.708315+00:00
WC2026-D32,USA,Australia,1.5424,1.2083,3-1,3,1,0.041537,4,胜,2026-06-20T08:09:05.708315+00:00
WC2026-D32,USA,Australia,1.5424,1.2083,0-2,0,2,0.049938,2,负,2026-06-20T08:09:05.708315+00:00
WC2026-D32,USA,Australia,1.5424,1.2083,3-0,3,0,0.044346,3,胜,2026-06-20T08:09:05.708315+00:00
WC2026-D32,USA,Australia,1.5424,1.2083,1-3,1,3,0.027118,4,负,2026-06-20T08:09:05.708315+00:00
WC2026-D32,USA,Australia,1.5424,1.2083,3-2,3,2,0.026696,5,胜,2026-06-20T08:09:05.708315+00:00
WC2026-D32,USA,Australia,1.5424,1.2083,2-3,2,3,0.020913,5,负,2026-06-20T08:09:05.708315+00:00
WC2026-D32,USA,Australia,1.5424,1.2083,0-3,0,3,0.020113,3,负,2026-06-20T08:09:05.708315+00:00
WC2026-D32,USA,Australia,1.5424,1.2083,4-1,4,1,0.017039,5,胜,2026-06-20T08:09:05.708315+00:00
WC2026-D32,USA,Australia,1.5424,1.2083,4-0,4,0,0.015164,4,胜,2026-06-20T08:09:05.708315+00:00
WC2026-D32,USA,Australia,1.5424,1.2083,3-3,3,3,0.010753,6,平,2026-06-20T08:09:05.708315+00:00
WC2026-D32,USA,Australia,1.5424,1.2083,4-2,4,2,0.010293,6,胜,2026-06-20T08:09:05.708315+00:00
WC2026-D32,USA,Australia,1.5424,1.2083,1-4,1,4,0.008191,5,负,2026-06-20T08:09:05.708315+00:00
WC2026-D32,USA,Australia,1.5424,1.2083,2-4,2,4,0.006317,6,负,2026-06-20T08:09:05.708315+00:00
WC2026-D32,USA,Australia,1.5424,1.2083,0-4,0,4,0.006076,4,负,2026-06-20T08:09:05.708315+00:00
WC2026-D32,USA,Australia,1.5424,1.2083,5-1,5,1,0.005256,6,胜,2026-06-20T08:09:05.708315+00:00
WC2026-D32,USA,Australia,1.5424,1.2083,5-0,5,0,0.004677,5,胜,2026-06-20T08:09:05.708315+00:00
WC2026-D32,USA,Australia,1.5424,1.2083,4-3,4,3,0.004145,7,胜,2026-06-20T08:09:05.708315+00:00
WC2026-D32,USA,Australia,1.5424,1.2083,3-4,3,4,0.003248,7,负,2026-06-20T08:09:05.708315+00:00
WC2026-D32,USA,Australia,1.5424,1.2083,5-2,5,2,0.003175,7,胜,2026-06-20T08:09:05.708315+00:00
WC2026-D32,USA,Australia,1.5424,1.2083,1-5,1,5,0.001980,6,负,2026-06-20T08:09:05.708315+00:00
WC2026-D32,USA,Australia,1.5424,1.2083,2-5,2,5,0.001527,7,负,2026-06-20T08:09:05.708315+00:00
WC2026-D32,USA,Australia,1.5424,1.2083,6-1,6,1,0.001350,7,胜,2026-06-20T08:09:05.708315+00:00
WC2026-D32,USA,Australia,1.5424,1.2083,0-5,0,5,0.001468,5,负,2026-06-20T08:09:05.708315+00:00
WC2026-D32,USA,Australia,1.5424,1.2083,5-3,5,3,0.001279,8,胜,2026-06-20T08:09:05.708315+00:00
WC2026-D32,USA,Australia,1.5424,1.2083,4-4,4,4,0.001253,8,平,2026-06-20T08:09:05.708315+00:00
WC2026-D32,USA,Australia,1.5424,1.2083,6-0,6,0,0.001203,6,胜,2026-06-20T08:09:05.708315+00:00
WC2026-D32,USA,Australia,1.5424,1.2083,6-2,6,2,0.000817,8,胜,2026-06-20T08:09:05.708315+00:00
WC2026-D32,USA,Australia,1.5424,1.2083,3-5,3,5,0.000786,8,负,2026-06-20T08:09:05.708315+00:00
WC2026-D32,USA,Australia,1.5424,1.2083,1-6,1,6,0.000398,7,负,2026-06-20T08:09:05.708315+00:00
WC2026-D32,USA,Australia,1.5424,1.2083,5-4,5,4,0.000386,9,胜,2026-06-20T08:09:05.708315+00:00
WC2026-D32,USA,Australia,1.5424,1.2083,6-3,6,3,0.000329,9,胜,2026-06-20T08:09:05.708315+00:00
WC2026-D32,USA,Australia,1.5424,1.2083,2-6,2,6,0.000307,8,负,2026-06-20T08:09:05.708315+00:00
WC2026-D32,USA,Australia,1.5424,1.2083,4-5,4,5,0.000303,9,负,2026-06-20T08:09:05.708315+00:00
WC2026-D32,USA,Australia,1.5424,1.2083,7-1,7,1,0.000298,8,胜,2026-06-20T08:09:05.708315+00:00
WC2026-D32,USA,Australia,1.5424,1.2083,0-6,0,6,0.000296,6,负,2026-06-20T08:09:05.708315+00:00
WC2026-D32,USA,Australia,1.5424,1.2083,7-0,7,0,0.000265,7,胜,2026-06-20T08:09:05.708315+00:00
WC2026-D32,USA,Australia,1.5424,1.2083,7-2,7,2,0.000179,9,胜,2026-06-20T08:09:05.708315+00:00
WC2026-D32,USA,Australia,1.5424,1.2083,3-6,3,6,0.000158,9,负,2026-06-20T08:09:05.708315+00:00
WC2026-D32,USA,Australia,1.5424,1.2083,6-4,6,4,0.000100,10,胜,2026-06-20T08:09:05.708315+00:00
WC2026-D32,USA,Australia,1.5424,1.2083,5-5,5,5,0.000094,10,平,2026-06-20T08:09:05.708315+00:00
WC2026-D32,USA,Australia,1.5424,1.2083,7-3,7,3,0.000072,10,胜,2026-06-20T08:09:05.708315+00:00
WC2026-D32,USA,Australia,1.5424,1.2083,1-7,1,7,0.000070,8,负,2026-06-20T08:09:05.708315+00:00
WC2026-D32,USA,Australia,1.5424,1.2083,4-6,4,6,0.000061,10,负,2026-06-20T08:09:05.708315+00:00
WC2026-D32,USA,Australia,1.5424,1.2083,8-1,8,1,0.000057,9,胜,2026-06-20T08:09:05.708315+00:00
WC2026-D32,USA,Australia,1.5424,1.2083,2-7,2,7,0.000054,9,负,2026-06-20T08:09:05.708315+00:00
WC2026-D32,USA,Australia,1.5424,1.2083,8-0,8,0,0.000051,8,胜,2026-06-20T08:09:05.708315+00:00
WC2026-D32,USA,Australia,1.5424,1.2083,0-7,0,7,0.000052,7,负,2026-06-20T08:09:05.708315+00:00
WC2026-D32,USA,Australia,1.5424,1.2083,8-2,8,2,0.000035,10,胜,2026-06-20T08:09:05.708315+00:00
WC2026-D32,USA,Australia,1.5424,1.2083,3-7,3,7,0.000027,10,负,2026-06-20T08:09:05.708315+00:00
WC2026-D32,USA,Australia,1.5424,1.2083,6-5,6,5,0.000024,11,胜,2026-06-20T08:09:05.708315+00:00
WC2026-D32,USA,Australia,1.5424,1.2083,7-4,7,4,0.000022,11,胜,2026-06-20T08:09:05.708315+00:00
WC2026-D32,USA,Australia,1.5424,1.2083,5-6,5,6,0.000019,11,负,2026-06-20T08:09:05.708315+00:00
WC2026-D32,USA,Australia,1.5424,1.2083,8-3,8,3,0.000014,11,胜,2026-06-20T08:09:05.708315+00:00
WC2026-D32,USA,Australia,1.5424,1.2083,1-8,1,8,0.000010,9,负,2026-06-20T08:09:05.708315+00:00
WC2026-D32,USA,Australia,1.5424,1.2083,4-7,4,7,0.000010,11,负,2026-06-20T08:09:05.708315+00:00
WC2026-D32,USA,Australia,1.5424,1.2083,9-1,9,1,0.000009,10,胜,2026-06-20T08:09:05.708315+00:00
WC2026-D32,USA,Australia,1.5424,1.2083,2-8,2,8,0.000008,10,负,2026-06-20T08:09:05.708315+00:00
WC2026-D32,USA,Australia,1.5424,1.2083,9-0,9,0,0.000008,9,胜,2026-06-20T08:09:05.708315+00:00
WC2026-D32,USA,Australia,1.5424,1.2083,0-8,0,8,0.000008,8,负,2026-06-20T08:09:05.708315+00:00
WC2026-D32,USA,Australia,1.5424,1.2083,7-5,7,5,0.000006,12,胜,2026-06-20T08:09:05.708315+00:00
WC2026-D32,USA,Australia,1.5424,1.2083,9-2,9,2,0.000006,11,胜,2026-06-20T08:09:05.708315+00:00
WC2026-D32,USA,Australia,1.5424,1.2083,6-6,6,6,0.000005,12,平,2026-06-20T08:09:05.708315+00:00
WC2026-D32,USA,Australia,1.5424,1.2083,3-8,3,8,0.000004,11,负,2026-06-20T08:09:05.708315+00:00
WC2026-D32,USA,Australia,1.5424,1.2083,8-4,8,4,0.000004,12,胜,2026-06-20T08:09:05.708315+00:00
WC2026-D32,USA,Australia,1.5424,1.2083,5-7,5,7,0.000003,12,负,2026-06-20T08:09:05.708315+00:00
WC2026-D32,USA,Australia,1.5424,1.2083,4-8,4,8,0.000002,12,负,2026-06-20T08:09:05.708315+00:00
WC2026-D32,USA,Australia,1.5424,1.2083,9-3,9,3,0.000002,12,胜,2026-06-20T08:09:05.708315+00:00
WC2026-D32,USA,Australia,1.5424,1.2083,1-9,1,9,0.000001,10,负,2026-06-20T08:09:05.708315+00:00
WC2026-D32,USA,Australia,1.5424,1.2083,2-9,2,9,0.000001,11,负,2026-06-20T08:09:05.708315+00:00
WC2026-D32,USA,Australia,1.5424,1.2083,7-6,7,6,0.000001,13,胜,2026-06-20T08:09:05.708315+00:00
WC2026-D32,USA,Australia,1.5424,1.2083,8-5,8,5,0.000001,13,胜,2026-06-20T08:09:05.708315+00:00
WC2026-C29,Brazil,Haiti,2.5855,0.8352,2-0,2,0,0.112959,2,胜,2026-06-20T08:09:13.239118+00:00
WC2026-C29,Brazil,Haiti,2.5855,0.8352,3-0,3,0,0.097353,3,胜,2026-06-20T08:09:13.239118+00:00
WC2026-C29,Brazil,Haiti,2.5855,0.8352,2-1,2,1,0.088555,3,胜,2026-06-20T08:09:13.239118+00:00
WC2026-C29,Brazil,Haiti,2.5855,0.8352,1-0,1,0,0.084093,1,胜,2026-06-20T08:09:13.239118+00:00
WC2026-C29,Brazil,Haiti,2.5855,0.8352,3-1,3,1,0.076321,4,胜,2026-06-20T08:09:13.239118+00:00
WC2026-C29,Brazil,Haiti,2.5855,0.8352,1-1,1,1,0.071583,2,平,2026-06-20T08:09:13.239118+00:00
WC2026-C29,Brazil,Haiti,2.5855,0.8352,4-0,4,0,0.062928,4,胜,2026-06-20T08:09:13.239118+00:00
WC2026-C29,Brazil,Haiti,2.5855,0.8352,4-1,4,1,0.049332,5,胜,2026-06-20T08:09:13.239118+00:00
WC2026-C29,Brazil,Haiti,2.5855,0.8352,2-2,2,2,0.036980,4,平,2026-06-20T08:09:13.239118+00:00
WC2026-C29,Brazil,Haiti,2.5855,0.8352,0-0,0,0,0.037078,0,平,2026-06-20T08:09:13.239118+00:00
WC2026-C29,Brazil,Haiti,2.5855,0.8352,3-2,3,2,0.031871,5,胜,2026-06-20T08:09:13.239118+00:00
WC2026-C29,Brazil,Haiti,2.5855,0.8352,5-0,5,0,0.032541,5,胜,2026-06-20T08:09:13.239118+00:00
WC2026-C29,Brazil,Haiti,2.5855,0.8352,1-2,1,2,0.028605,3,负,2026-06-20T08:09:13.239118+00:00
WC2026-C29,Brazil,Haiti,2.5855,0.8352,5-1,5,1,0.025510,6,胜,2026-06-20T08:09:13.239118+00:00
WC2026-C29,Brazil,Haiti,2.5855,0.8352,0-1,0,1,0.024941,1,负,2026-06-20T08:09:13.239118+00:00
WC2026-C29,Brazil,Haiti,2.5855,0.8352,4-2,4,2,0.020601,6,胜,2026-06-20T08:09:13.239118+00:00
WC2026-C29,Brazil,Haiti,2.5855,0.8352,6-0,6,0,0.014022,6,胜,2026-06-20T08:09:13.239118+00:00
WC2026-C29,Brazil,Haiti,2.5855,0.8352,0-2,0,2,0.011787,2,负,2026-06-20T08:09:13.239118+00:00
WC2026-C29,Brazil,Haiti,2.5855,0.8352,6-1,6,1,0.010993,7,胜,2026-06-20T08:09:13.239118+00:00
WC2026-C29,Brazil,Haiti,2.5855,0.8352,5-2,5,2,0.010654,7,胜,2026-06-20T08:09:13.239118+00:00
WC2026-C29,Brazil,Haiti,2.5855,0.8352,2-3,2,3,0.010296,5,负,2026-06-20T08:09:13.239118+00:00
WC2026-C29,Brazil,Haiti,2.5855,0.8352,3-3,3,3,0.008873,6,平,2026-06-20T08:09:13.239118+00:00
WC2026-C29,Brazil,Haiti,2.5855,0.8352,1-3,1,3,0.007964,4,负,2026-06-20T08:09:13.239118+00:00
WC2026-C29,Brazil,Haiti,2.5855,0.8352,4-3,4,3,0.005736,7,胜,2026-06-20T08:09:13.239118+00:00
WC2026-C29,Brazil,Haiti,2.5855,0.8352,7-0,7,0,0.005179,7,胜,2026-06-20T08:09:13.239118+00:00
WC2026-C29,Brazil,Haiti,2.5855,0.8352,6-2,6,2,0.004591,8,胜,2026-06-20T08:09:13.239118+00:00
WC2026-C29,Brazil,Haiti,2.5855,0.8352,7-1,7,1,0.004060,8,胜,2026-06-20T08:09:13.239118+00:00
WC2026-C29,Brazil,Haiti,2.5855,0.8352,0-3,0,3,0.003281,3,负,2026-06-20T08:09:13.239118+00:00
WC2026-C29,Brazil,Haiti,2.5855,0.8352,5-3,5,3,0.002966,8,胜,2026-06-20T08:09:13.239118+00:00
WC2026-C29,Brazil,Haiti,2.5855,0.8352,2-4,2,4,0.002150,6,负,2026-06-20T08:09:13.239118+00:00
WC2026-C29,Brazil,Haiti,2.5855,0.8352,3-4,3,4,0.001853,7,负,2026-06-20T08:09:13.239118+00:00
WC2026-C29,Brazil,Haiti,2.5855,0.8352,7-2,7,2,0.001696,9,胜,2026-06-20T08:09:13.239118+00:00
WC2026-C29,Brazil,Haiti,2.5855,0.8352,1-4,1,4,0.001663,5,负,2026-06-20T08:09:13.239118+00:00
WC2026-C29,Brazil,Haiti,2.5855,0.8352,8-0,8,0,0.001661,8,胜,2026-06-20T08:09:13.239118+00:00
WC2026-C29,Brazil,Haiti,2.5855,0.8352,8-1,8,1,0.001302,9,胜,2026-06-20T08:09:13.239118+00:00
WC2026-C29,Brazil,Haiti,2.5855,0.8352,6-3,6,3,0.001278,9,胜,2026-06-20T08:09:13.239118+00:00
WC2026-C29,Brazil,Haiti,2.5855,0.8352,4-4,4,4,0.001198,8,平,2026-06-20T08:09:13.239118+00:00
WC2026-C29,Brazil,Haiti,2.5855,0.8352,0-4,0,4,0.000685,4,负,2026-06-20T08:09:13.239118+00:00
WC2026-C29,Brazil,Haiti,2.5855,0.8352,5-4,5,4,0.000619,9,胜,2026-06-20T08:09:13.239118+00:00
WC2026-C29,Brazil,Haiti,2.5855,0.8352,8-2,8,2,0.000544,10,胜,2026-06-20T08:09:13.239118+00:00
WC2026-C29,Brazil,Haiti,2.5855,0.8352,7-3,7,3,0.000472,10,胜,2026-06-20T08:09:13.239118+00:00
WC2026-C29,Brazil,Haiti,2.5855,0.8352,9-0,9,0,0.000462,9,胜,2026-06-20T08:09:13.239118+00:00
WC2026-C29,Brazil,Haiti,2.5855,0.8352,9-1,9,1,0.000362,10,胜,2026-06-20T08:09:13.239118+00:00
WC2026-C29,Brazil,Haiti,2.5855,0.8352,2-5,2,5,0.000359,7,负,2026-06-20T08:09:13.239118+00:00
WC2026-C29,Brazil,Haiti,2.5855,0.8352,3-5,3,5,0.000309,8,负,2026-06-20T08:09:13.239118+00:00
WC2026-C29,Brazil,Haiti,2.5855,0.8352,1-5,1,5,0.000277,6,负,2026-06-20T08:09:13.239118+00:00
WC2026-C29,Brazil,Haiti,2.5855,0.8352,6-4,6,4,0.000267,10,胜,2026-06-20T08:09:13.239118+00:00
WC2026-C29,Brazil,Haiti,2.5855,0.8352,4-5,4,5,0.000200,9,负,2026-06-20T08:09:13.239118+00:00
WC2026-C29,Brazil,Haiti,2.5855,0.8352,8-3,8,3,0.000151,11,胜,2026-06-20T08:09:13.239118+00:00
WC2026-C29,Brazil,Haiti,2.5855,0.8352,9-2,9,2,0.000151,11,胜,2026-06-20T08:09:13.239118+00:00
WC2026-C29,Brazil,Haiti,2.5855,0.8352,0-5,0,5,0.000115,5,负,2026-06-20T08:09:13.239118+00:00
WC2026-C29,Brazil,Haiti,2.5855,0.8352,5-5,5,5,0.000104,10,平,2026-06-20T08:09:13.239118+00:00
WC2026-C29,Brazil,Haiti,2.5855,0.8352,7-4,7,4,0.000099,11,胜,2026-06-20T08:09:13.239118+00:00
WC2026-C29,Brazil,Haiti,2.5855,0.8352,2-6,2,6,0.000050,8,负,2026-06-20T08:09:13.239118+00:00
WC2026-C29,Brazil,Haiti,2.5855,0.8352,6-5,6,5,0.000045,11,胜,2026-06-20T08:09:13.239118+00:00
WC2026-C29,Brazil,Haiti,2.5855,0.8352,3-6,3,6,0.000043,9,负,2026-06-20T08:09:13.239118+00:00
WC2026-C29,Brazil,Haiti,2.5855,0.8352,9-3,9,3,0.000042,12,胜,2026-06-20T08:09:13.239118+00:00
WC2026-C29,Brazil,Haiti,2.5855,0.8352,1-6,1,6,0.000039,7,负,2026-06-20T08:09:13.239118+00:00
WC2026-C29,Brazil,Haiti,2.5855,0.8352,8-4,8,4,0.000032,12,胜,2026-06-20T08:09:13.239118+00:00
WC2026-C29,Brazil,Haiti,2.5855,0.8352,4-6,4,6,0.000028,10,负,2026-06-20T08:09:13.239118+00:00
WC2026-C29,Brazil,Haiti,2.5855,0.8352,7-5,7,5,0.000016,12,胜,2026-06-20T08:09:13.239118+00:00
WC2026-C29,Brazil,Haiti,2.5855,0.8352,0-6,0,6,0.000016,6,负,2026-06-20T08:09:13.239118+00:00
WC2026-C29,Brazil,Haiti,2.5855,0.8352,5-6,5,6,0.000015,11,负,2026-06-20T08:09:13.239118+00:00
WC2026-C29,Brazil,Haiti,2.5855,0.8352,9-4,9,4,0.000009,13,胜,2026-06-20T08:09:13.239118+00:00
WC2026-C29,Brazil,Haiti,2.5855,0.8352,6-6,6,6,0.000006,12,平,2026-06-20T08:09:13.239118+00:00
WC2026-C29,Brazil,Haiti,2.5855,0.8352,2-7,2,7,0.000006,9,负,2026-06-20T08:09:13.239118+00:00
WC2026-C29,Brazil,Haiti,2.5855,0.8352,8-5,8,5,0.000005,13,胜,2026-06-20T08:09:13.239118+00:00
WC2026-C29,Brazil,Haiti,2.5855,0.8352,3-7,3,7,0.000005,10,负,2026-06-20T08:09:13.239118+00:00
WC2026-C29,Brazil,Haiti,2.5855,0.8352,1-7,1,7,0.000005,8,负,2026-06-20T08:09:13.239118+00:00
WC2026-C29,Brazil,Haiti,2.5855,0.8352,4-7,4,7,0.000003,11,负,2026-06-20T08:09:13.239118+00:00
WC2026-C29,Brazil,Haiti,2.5855,0.8352,7-6,7,6,0.000002,13,胜,2026-06-20T08:09:13.239118+00:00
WC2026-C29,Brazil,Haiti,2.5855,0.8352,0-7,0,7,0.000002,7,负,2026-06-20T08:09:13.239118+00:00
WC2026-C29,Brazil,Haiti,2.5855,0.8352,5-7,5,7,0.000002,12,负,2026-06-20T08:09:13.239118+00:00
WC2026-C29,Brazil,Haiti,2.5855,0.8352,9-5,9,5,0.000002,14,胜,2026-06-20T08:09:13.239118+00:00
WC2026-C30,Scotland,Morocco,0.9812,2.4548,0-2,0,2,0.100969,2,负,2026-06-20T08:09:14.552734+00:00
WC2026-C30,Scotland,Morocco,0.9812,2.4548,1-2,1,2,0.092349,3,负,2026-06-20T08:09:14.552734+00:00
WC2026-C30,Scotland,Morocco,0.9812,2.4548,1-1,1,1,0.078625,2,平,2026-06-20T08:09:14.552734+00:00
WC2026-C30,Scotland,Morocco,0.9812,2.4548,0-3,0,3,0.082619,3,负,2026-06-20T08:09:14.552734+00:00
WC2026-C30,Scotland,Morocco,0.9812,2.4548,1-3,1,3,0.075567,4,负,2026-06-20T08:09:14.552734+00:00
WC2026-C30,Scotland,Morocco,0.9812,2.4548,0-1,0,1,0.078630,1,负,2026-06-20T08:09:14.552734+00:00
WC2026-C30,Scotland,Morocco,0.9812,2.4548,0-4,0,4,0.050704,4,负,2026-06-20T08:09:14.552734+00:00
WC2026-C30,Scotland,Morocco,0.9812,2.4548,1-4,1,4,0.046376,5,负,2026-06-20T08:09:14.552734+00:00
WC2026-C30,Scotland,Morocco,0.9812,2.4548,2-2,2,2,0.045306,4,平,2026-06-20T08:09:14.552734+00:00
WC2026-C30,Scotland,Morocco,0.9812,2.4548,2-3,2,3,0.037072,5,负,2026-06-20T08:09:14.552734+00:00
WC2026-C30,Scotland,Morocco,0.9812,2.4548,2-1,2,1,0.036912,3,胜,2026-06-20T08:09:14.552734+00:00
WC2026-C30,Scotland,Morocco,0.9812,2.4548,0-0,0,0,0.037143,0,平,2026-06-20T08:09:14.552734+00:00
WC2026-C30,Scotland,Morocco,0.9812,2.4548,1-0,1,0,0.029248,1,胜,2026-06-20T08:09:14.552734+00:00
WC2026-C30,Scotland,Morocco,0.9812,2.4548,0-5,0,5,0.024894,5,负,2026-06-20T08:09:14.552734+00:00
WC2026-C30,Scotland,Morocco,0.9812,2.4548,1-5,1,5,0.022769,6,负,2026-06-20T08:09:14.552734+00:00
WC2026-C30,Scotland,Morocco,0.9812,2.4548,2-4,2,4,0.022751,6,负,2026-06-20T08:09:14.552734+00:00
WC2026-C30,Scotland,Morocco,0.9812,2.4548,2-0,2,0,0.016131,2,胜,2026-06-20T08:09:14.552734+00:00
WC2026-C30,Scotland,Morocco,0.9812,2.4548,3-2,3,2,0.014818,5,胜,2026-06-20T08:09:14.552734+00:00
WC2026-C30,Scotland,Morocco,0.9812,2.4548,3-3,3,3,0.012125,6,平,2026-06-20T08:09:14.552734+00:00
WC2026-C30,Scotland,Morocco,0.9812,2.4548,3-1,3,1,0.012073,4,胜,2026-06-20T08:09:14.552734+00:00
WC2026-C30,Scotland,Morocco,0.9812,2.4548,2-5,2,5,0.011171,7,负,2026-06-20T08:09:14.552734+00:00
WC2026-C30,Scotland,Morocco,0.9812,2.4548,0-6,0,6,0.010185,6,负,2026-06-20T08:09:14.552734+00:00
WC2026-C30,Scotland,Morocco,0.9812,2.4548,1-6,1,6,0.009316,7,负,2026-06-20T08:09:14.552734+00:00
WC2026-C30,Scotland,Morocco,0.9812,2.4548,3-4,3,4,0.007441,7,负,2026-06-20T08:09:14.552734+00:00
WC2026-C30,Scotland,Morocco,0.9812,2.4548,3-0,3,0,0.005276,3,胜,2026-06-20T08:09:14.552734+00:00
WC2026-C30,Scotland,Morocco,0.9812,2.4548,2-6,2,6,0.004570,8,负,2026-06-20T08:09:14.552734+00:00
WC2026-C30,Scotland,Morocco,0.9812,2.4548,3-5,3,5,0.003653,8,负,2026-06-20T08:09:14.552734+00:00
WC2026-C30,Scotland,Morocco,0.9812,2.4548,4-2,4,2,0.003635,6,胜,2026-06-20T08:09:14.552734+00:00
WC2026-C30,Scotland,Morocco,0.9812,2.4548,0-7,0,7,0.003571,7,负,2026-06-20T08:09:14.552734+00:00
WC2026-C30,Scotland,Morocco,0.9812,2.4548,1-7,1,7,0.003267,8,负,2026-06-20T08:09:14.552734+00:00
WC2026-C30,Scotland,Morocco,0.9812,2.4548,4-3,4,3,0.002974,7,胜,2026-06-20T08:09:14.552734+00:00
WC2026-C30,Scotland,Morocco,0.9812,2.4548,4-1,4,1,0.002961,5,胜,2026-06-20T08:09:14.552734+00:00
WC2026-C30,Scotland,Morocco,0.9812,2.4548,4-4,4,4,0.001826,8,平,2026-06-20T08:09:14.552734+00:00
WC2026-C30,Scotland,Morocco,0.9812,2.4548,2-7,2,7,0.001602,9,负,2026-06-20T08:09:14.552734+00:00
WC2026-C30,Scotland,Morocco,0.9812,2.4548,3-6,3,6,0.001495,9,负,2026-06-20T08:09:14.552734+00:00
WC2026-C30,Scotland,Morocco,0.9812,2.4548,4-0,4,0,0.001294,4,胜,2026-06-20T08:09:14.552734+00:00
WC2026-C30,Scotland,Morocco,0.9812,2.4548,0-8,0,8,0.001082,8,负,2026-06-20T08:09:14.552734+00:00
WC2026-C30,Scotland,Morocco,0.9812,2.4548,1-8,1,8,0.000990,9,负,2026-06-20T08:09:14.552734+00:00
WC2026-C30,Scotland,Morocco,0.9812,2.4548,4-5,4,5,0.000896,9,负,2026-06-20T08:09:14.552734+00:00
WC2026-C30,Scotland,Morocco,0.9812,2.4548,5-2,5,2,0.000713,7,胜,2026-06-20T08:09:14.552734+00:00
WC2026-C30,Scotland,Morocco,0.9812,2.4548,5-3,5,3,0.000584,8,胜,2026-06-20T08:09:14.552734+00:00
WC2026-C30,Scotland,Morocco,0.9812,2.4548,5-1,5,1,0.000581,6,胜,2026-06-20T08:09:14.552734+00:00
WC2026-C30,Scotland,Morocco,0.9812,2.4548,3-7,3,7,0.000524,10,负,2026-06-20T08:09:14.552734+00:00
WC2026-C30,Scotland,Morocco,0.9812,2.4548,2-8,2,8,0.000486,10,负,2026-06-20T08:09:14.552734+00:00
WC2026-C30,Scotland,Morocco,0.9812,2.4548,4-6,4,6,0.000367,10,负,2026-06-20T08:09:14.552734+00:00
WC2026-C30,Scotland,Morocco,0.9812,2.4548,5-4,5,4,0.000358,9,胜,2026-06-20T08:09:14.552734+00:00
WC2026-C30,Scotland,Morocco,0.9812,2.4548,0-9,0,9,0.000282,9,负,2026-06-20T08:09:14.552734+00:00
WC2026-C30,Scotland,Morocco,0.9812,2.4548,1-9,1,9,0.000258,10,负,2026-06-20T08:09:14.552734+00:00
WC2026-C30,Scotland,Morocco,0.9812,2.4548,5-0,5,0,0.000254,5,胜,2026-06-20T08:09:14.552734+00:00
WC2026-C30,Scotland,Morocco,0.9812,2.4548,5-5,5,5,0.000176,10,平,2026-06-20T08:09:14.552734+00:00
WC2026-C30,Scotland,Morocco,0.9812,2.4548,3-8,3,8,0.000159,11,负,2026-06-20T08:09:14.552734+00:00
WC2026-C30,Scotland,Morocco,0.9812,2.4548,4-7,4,7,0.000129,11,负,2026-06-20T08:09:14.552734+00:00
WC2026-C30,Scotland,Morocco,0.9812,2.4548,2-9,2,9,0.000126,11,负,2026-06-20T08:09:14.552734+00:00
WC2026-C30,Scotland,Morocco,0.9812,2.4548,6-2,6,2,0.000116,8,胜,2026-06-20T08:09:14.552734+00:00
WC2026-C30,Scotland,Morocco,0.9812,2.4548,6-3,6,3,0.000095,9,胜,2026-06-20T08:09:14.552734+00:00
WC2026-C30,Scotland,Morocco,0.9812,2.4548,6-1,6,1,0.000095,7,胜,2026-06-20T08:09:14.552734+00:00
WC2026-C30,Scotland,Morocco,0.9812,2.4548,5-6,5,6,0.000072,11,负,2026-06-20T08:09:14.552734+00:00
WC2026-C30,Scotland,Morocco,0.9812,2.4548,6-4,6,4,0.000058,10,胜,2026-06-20T08:09:14.552734+00:00
WC2026-C30,Scotland,Morocco,0.9812,2.4548,3-9,3,9,0.000042,12,负,2026-06-20T08:09:14.552734+00:00
WC2026-C30,Scotland,Morocco,0.9812,2.4548,4-8,4,8,0.000039,12,负,2026-06-20T08:09:14.552734+00:00
WC2026-C30,Scotland,Morocco,0.9812,2.4548,6-0,6,0,0.000042,6,胜,2026-06-20T08:09:14.552734+00:00
WC2026-C30,Scotland,Morocco,0.9812,2.4548,6-5,6,5,0.000029,11,胜,2026-06-20T08:09:14.552734+00:00
WC2026-C30,Scotland,Morocco,0.9812,2.4548,5-7,5,7,0.000025,12,负,2026-06-20T08:09:14.552734+00:00
WC2026-C30,Scotland,Morocco,0.9812,2.4548,7-2,7,2,0.000016,9,胜,2026-06-20T08:09:14.552734+00:00
WC2026-C30,Scotland,Morocco,0.9812,2.4548,7-3,7,3,0.000014,10,胜,2026-06-20T08:09:14.552734+00:00
WC2026-C30,Scotland,Morocco,0.9812,2.4548,7-1,7,1,0.000014,8,胜,2026-06-20T08:09:14.552734+00:00
WC2026-C30,Scotland,Morocco,0.9812,2.4548,6-6,6,6,0.000012,12,平,2026-06-20T08:09:14.552734+00:00
WC2026-C30,Scotland,Morocco,0.9812,2.4548,4-9,4,9,0.000010,13,负,2026-06-20T08:09:14.552734+00:00
WC2026-C30,Scotland,Morocco,0.9812,2.4548,7-4,7,4,0.000008,11,胜,2026-06-20T08:09:14.552734+00:00
WC2026-C30,Scotland,Morocco,0.9812,2.4548,5-8,5,8,0.000008,13,负,2026-06-20T08:09:14.552734+00:00
WC2026-C30,Scotland,Morocco,0.9812,2.4548,7-0,7,0,0.000006,7,胜,2026-06-20T08:09:14.552734+00:00
WC2026-C30,Scotland,Morocco,0.9812,2.4548,6-7,6,7,0.000004,13,负,2026-06-20T08:09:14.552734+00:00
WC2026-C30,Scotland,Morocco,0.9812,2.4548,7-5,7,5,0.000004,12,胜,2026-06-20T08:09:14.552734+00:00
WC2026-C30,Scotland,Morocco,0.9812,2.4548,5-9,5,9,0.000002,14,负,2026-06-20T08:09:14.552734+00:00
WC2026-C30,Scotland,Morocco,0.9812,2.4548,8-2,8,2,0.000002,10,胜,2026-06-20T08:09:14.552734+00:00
WC2026-C30,Scotland,Morocco,0.9812,2.4548,7-6,7,6,0.000002,13,胜,2026-06-20T08:09:14.552734+00:00
WC2026-C30,Scotland,Morocco,0.9812,2.4548,8-3,8,3,0.000002,11,胜,2026-06-20T08:09:14.552734+00:00
WC2026-C30,Scotland,Morocco,0.9812,2.4548,8-1,8,1,0.000002,9,胜,2026-06-20T08:09:14.552734+00:00
WC2026-C30,Scotland,Morocco,0.9812,2.4548,6-8,6,8,0.000001,14,负,2026-06-20T08:09:14.552734+00:00
WC2026-C30,Scotland,Morocco,0.9812,2.4548,8-4,8,4,0.000001,12,胜,2026-06-20T08:09:14.552734+00:00
WC2026-D31,Turkey,Paraguay,1.8479,1.3615,1-1,1,1,0.102983,2,平,2026-06-20T08:09:40.485313+00:00
WC2026-D31,Turkey,Paraguay,1.8479,1.3615,2-1,2,1,0.091056,3,胜,2026-06-20T08:09:40.485313+00:00
WC2026-D31,Turkey,Paraguay,1.8479,1.3615,1-0,1,0,0.073643,1,胜,2026-06-20T08:09:40.485313+00:00
WC2026-D31,Turkey,Paraguay,1.8479,1.3615,1-2,1,2,0.067087,3,负,2026-06-20T08:09:40.485313+00:00
WC2026-D31,Turkey,Paraguay,1.8479,1.3615,2-0,2,0,0.072486,2,胜,2026-06-20T08:09:40.485313+00:00
WC2026-D31,Turkey,Paraguay,1.8479,1.3615,2-2,2,2,0.061987,4,平,2026-06-20T08:09:40.485313+00:00
WC2026-D31,Turkey,Paraguay,1.8479,1.3615,3-1,3,1,0.056088,4,胜,2026-06-20T08:09:40.485313+00:00
WC2026-D31,Turkey,Paraguay,1.8479,1.3615,0-1,0,1,0.052994,1,负,2026-06-20T08:09:40.485313+00:00
WC2026-D31,Turkey,Paraguay,1.8479,1.3615,0-0,0,0,0.047259,0,平,2026-06-20T08:09:40.485313+00:00
WC2026-D31,Turkey,Paraguay,1.8479,1.3615,3-0,3,0,0.044650,3,胜,2026-06-20T08:09:40.485313+00:00
WC2026-D31,Turkey,Paraguay,1.8479,1.3615,3-2,3,2,0.038183,5,胜,2026-06-20T08:09:40.485313+00:00
WC2026-D31,Turkey,Paraguay,1.8479,1.3615,0-2,0,2,0.039348,2,负,2026-06-20T08:09:40.485313+00:00
WC2026-D31,Turkey,Paraguay,1.8479,1.3615,1-3,1,3,0.030447,4,负,2026-06-20T08:09:40.485313+00:00
WC2026-D31,Turkey,Paraguay,1.8479,1.3615,2-3,2,3,0.028132,5,负,2026-06-20T08:09:40.485313+00:00
WC2026-D31,Turkey,Paraguay,1.8479,1.3615,4-1,4,1,0.025912,5,胜,2026-06-20T08:09:40.485313+00:00
WC2026-D31,Turkey,Paraguay,1.8479,1.3615,4-0,4,0,0.020627,4,胜,2026-06-20T08:09:40.485313+00:00
WC2026-D31,Turkey,Paraguay,1.8479,1.3615,4-2,4,2,0.017640,6,胜,2026-06-20T08:09:40.485313+00:00
WC2026-D31,Turkey,Paraguay,1.8479,1.3615,3-3,3,3,0.017329,6,平,2026-06-20T08:09:40.485313+00:00
WC2026-D31,Turkey,Paraguay,1.8479,1.3615,0-3,0,3,0.017858,3,负,2026-06-20T08:09:40.485313+00:00
WC2026-D31,Turkey,Paraguay,1.8479,1.3615,1-4,1,4,0.010363,5,负,2026-06-20T08:09:40.485313+00:00
WC2026-D31,Turkey,Paraguay,1.8479,1.3615,5-1,5,1,0.009577,6,胜,2026-06-20T08:09:40.485313+00:00
WC2026-D31,Turkey,Paraguay,1.8479,1.3615,2-4,2,4,0.009576,6,负,2026-06-20T08:09:40.485313+00:00
WC2026-D31,Turkey,Paraguay,1.8479,1.3615,4-3,4,3,0.008005,7,胜,2026-06-20T08:09:40.485313+00:00
WC2026-D31,Turkey,Paraguay,1.8479,1.3615,5-0,5,0,0.007623,5,胜,2026-06-20T08:09:40.485313+00:00
WC2026-D31,Turkey,Paraguay,1.8479,1.3615,5-2,5,2,0.006519,7,胜,2026-06-20T08:09:40.485313+00:00
WC2026-D31,Turkey,Paraguay,1.8479,1.3615,3-4,3,4,0.005899,7,负,2026-06-20T08:09:40.485313+00:00
WC2026-D31,Turkey,Paraguay,1.8479,1.3615,0-4,0,4,0.006079,4,负,2026-06-20T08:09:40.485313+00:00
WC2026-D31,Turkey,Paraguay,1.8479,1.3615,5-3,5,3,0.002959,8,胜,2026-06-20T08:09:40.485313+00:00
WC2026-D31,Turkey,Paraguay,1.8479,1.3615,6-1,6,1,0.002950,7,胜,2026-06-20T08:09:40.485313+00:00
WC2026-D31,Turkey,Paraguay,1.8479,1.3615,1-5,1,5,0.002822,6,负,2026-06-20T08:09:40.485313+00:00
WC2026-D31,Turkey,Paraguay,1.8479,1.3615,4-4,4,4,0.002725,8,平,2026-06-20T08:09:40.485313+00:00
WC2026-D31,Turkey,Paraguay,1.8479,1.3615,2-5,2,5,0.002607,7,负,2026-06-20T08:09:40.485313+00:00
WC2026-D31,Turkey,Paraguay,1.8479,1.3615,6-0,6,0,0.002348,6,胜,2026-06-20T08:09:40.485313+00:00
WC2026-D31,Turkey,Paraguay,1.8479,1.3615,6-2,6,2,0.002008,8,胜,2026-06-20T08:09:40.485313+00:00
WC2026-D31,Turkey,Paraguay,1.8479,1.3615,3-5,3,5,0.001606,8,负,2026-06-20T08:09:40.485313+00:00
WC2026-D31,Turkey,Paraguay,1.8479,1.3615,0-5,0,5,0.001655,5,负,2026-06-20T08:09:40.485313+00:00
WC2026-D31,Turkey,Paraguay,1.8479,1.3615,5-4,5,4,0.001007,9,胜,2026-06-20T08:09:40.485313+00:00
WC2026-D31,Turkey,Paraguay,1.8479,1.3615,6-3,6,3,0.000911,9,胜,2026-06-20T08:09:40.485313+00:00
WC2026-D31,Turkey,Paraguay,1.8479,1.3615,7-1,7,1,0.000779,8,胜,2026-06-20T08:09:40.485313+00:00
WC2026-D31,Turkey,Paraguay,1.8479,1.3615,4-5,4,5,0.000742,9,负,2026-06-20T08:09:40.485313+00:00
WC2026-D31,Turkey,Paraguay,1.8479,1.3615,1-6,1,6,0.000640,7,负,2026-06-20T08:09:40.485313+00:00
WC2026-D31,Turkey,Paraguay,1.8479,1.3615,2-6,2,6,0.000592,8,负,2026-06-20T08:09:40.485313+00:00
WC2026-D31,Turkey,Paraguay,1.8479,1.3615,7-0,7,0,0.000620,7,胜,2026-06-20T08:09:40.485313+00:00
WC2026-D31,Turkey,Paraguay,1.8479,1.3615,7-2,7,2,0.000530,9,胜,2026-06-20T08:09:40.485313+00:00
WC2026-D31,Turkey,Paraguay,1.8479,1.3615,3-6,3,6,0.000365,9,负,2026-06-20T08:09:40.485313+00:00
WC2026-D31,Turkey,Paraguay,1.8479,1.3615,0-6,0,6,0.000375,6,负,2026-06-20T08:09:40.485313+00:00
WC2026-D31,Turkey,Paraguay,1.8479,1.3615,6-4,6,4,0.000310,10,胜,2026-06-20T08:09:40.485313+00:00
WC2026-D31,Turkey,Paraguay,1.8479,1.3615,5-5,5,5,0.000275,10,平,2026-06-20T08:09:40.485313+00:00
WC2026-D31,Turkey,Paraguay,1.8479,1.3615,7-3,7,3,0.000241,10,胜,2026-06-20T08:09:40.485313+00:00
WC2026-D31,Turkey,Paraguay,1.8479,1.3615,8-1,8,1,0.000178,9,胜,2026-06-20T08:09:40.485313+00:00
WC2026-D31,Turkey,Paraguay,1.8479,1.3615,4-6,4,6,0.000169,10,负,2026-06-20T08:09:40.485313+00:00
WC2026-D31,Turkey,Paraguay,1.8479,1.3615,8-0,8,0,0.000142,8,胜,2026-06-20T08:09:40.485313+00:00
WC2026-D31,Turkey,Paraguay,1.8479,1.3615,1-7,1,7,0.000124,8,负,2026-06-20T08:09:40.485313+00:00
WC2026-D31,Turkey,Paraguay,1.8479,1.3615,8-2,8,2,0.000121,10,胜,2026-06-20T08:09:40.485313+00:00
WC2026-D31,Turkey,Paraguay,1.8479,1.3615,2-7,2,7,0.000115,9,负,2026-06-20T08:09:40.485313+00:00
WC2026-D31,Turkey,Paraguay,1.8479,1.3615,6-5,6,5,0.000084,11,胜,2026-06-20T08:09:40.485313+00:00
WC2026-D31,Turkey,Paraguay,1.8479,1.3615,7-4,7,4,0.000081,11,胜,2026-06-20T08:09:40.485313+00:00
WC2026-D31,Turkey,Paraguay,1.8479,1.3615,3-7,3,7,0.000071,10,负,2026-06-20T08:09:40.485313+00:00
WC2026-D31,Turkey,Paraguay,1.8479,1.3615,0-7,0,7,0.000073,7,负,2026-06-20T08:09:40.485313+00:00
WC2026-D31,Turkey,Paraguay,1.8479,1.3615,5-6,5,6,0.000062,11,负,2026-06-20T08:09:40.485313+00:00
WC2026-D31,Turkey,Paraguay,1.8479,1.3615,8-3,8,3,0.000055,11,胜,2026-06-20T08:09:40.485313+00:00
WC2026-D31,Turkey,Paraguay,1.8479,1.3615,9-1,9,1,0.000036,10,胜,2026-06-20T08:09:40.485313+00:00
WC2026-D31,Turkey,Paraguay,1.8479,1.3615,4-7,4,7,0.000033,11,负,2026-06-20T08:09:40.485313+00:00
WC2026-D31,Turkey,Paraguay,1.8479,1.3615,9-0,9,0,0.000028,9,胜,2026-06-20T08:09:40.485313+00:00
WC2026-D31,Turkey,Paraguay,1.8479,1.3615,9-2,9,2,0.000024,11,胜,2026-06-20T08:09:40.485313+00:00
WC2026-D31,Turkey,Paraguay,1.8479,1.3615,7-5,7,5,0.000022,12,胜,2026-06-20T08:09:40.485313+00:00
WC2026-D31,Turkey,Paraguay,1.8479,1.3615,1-8,1,8,0.000021,9,负,2026-06-20T08:09:40.485313+00:00
WC2026-D31,Turkey,Paraguay,1.8479,1.3615,2-8,2,8,0.000019,10,负,2026-06-20T08:09:40.485313+00:00
WC2026-D31,Turkey,Paraguay,1.8479,1.3615,6-6,6,6,0.000019,12,平,2026-06-20T08:09:40.485313+00:00
WC2026-D31,Turkey,Paraguay,1.8479,1.3615,8-4,8,4,0.000018,12,胜,2026-06-20T08:09:40.485313+00:00
WC2026-D31,Turkey,Paraguay,1.8479,1.3615,5-7,5,7,0.000012,12,负,2026-06-20T08:09:40.485313+00:00
WC2026-D31,Turkey,Paraguay,1.8479,1.3615,3-8,3,8,0.000012,11,负,2026-06-20T08:09:40.485313+00:00
WC2026-D31,Turkey,Paraguay,1.8479,1.3615,0-8,0,8,0.000013,8,负,2026-06-20T08:09:40.485313+00:00
WC2026-D31,Turkey,Paraguay,1.8479,1.3615,9-3,9,3,0.000011,12,胜,2026-06-20T08:09:40.485313+00:00
WC2026-D31,Turkey,Paraguay,1.8479,1.3615,4-8,4,8,0.000006,12,负,2026-06-20T08:09:40.485313+00:00
WC2026-D31,Turkey,Paraguay,1.8479,1.3615,8-5,8,5,0.000005,13,胜,2026-06-20T08:09:40.485313+00:00
WC2026-D31,Turkey,Paraguay,1.8479,1.3615,7-6,7,6,0.000005,13,胜,2026-06-20T08:09:40.485313+00:00
WC2026-D31,Turkey,Paraguay,1.8479,1.3615,9-4,9,4,0.000004,13,胜,2026-06-20T08:09:40.485313+00:00
WC2026-D31,Turkey,Paraguay,1.8479,1.3615,6-7,6,7,0.000004,13,负,2026-06-20T08:09:40.485313+00:00
WC2026-D31,Turkey,Paraguay,1.8479,1.3615,1-9,1,9,0.000003,10,负,2026-06-20T08:09:40.485313+00:00
WC2026-D31,Turkey,Paraguay,1.8479,1.3615,2-9,2,9,0.000003,11,负,2026-06-20T08:09:40.485313+00:00
WC2026-D31,Turkey,Paraguay,1.8479,1.3615,5-8,5,8,0.000002,13,负,2026-06-20T08:09:40.485313+00:00
WC2026-D31,Turkey,Paraguay,1.8479,1.3615,3-9,3,9,0.000002,12,负,2026-06-20T08:09:40.485313+00:00
WC2026-D31,Turkey,Paraguay,1.8479,1.3615,0-9,0,9,0.000002,9,负,2026-06-20T08:09:40.485313+00:00
WC2026-D31,Turkey,Paraguay,1.8479,1.3615,8-6,8,6,0.000001,14,胜,2026-06-20T08:09:40.485313+00:00
WC2026-D31,Turkey,Paraguay,1.8479,1.3615,9-5,9,5,0.000001,14,胜,2026-06-20T08:09:40.485313+00:00
WC2026-D31,Turkey,Paraguay,1.8479,1.3615,7-7,7,7,0.000001,14,平,2026-06-20T08:09:40.485313+00:00
